Y,X,fid,Art
46.9447438,7.4448669,"1",S
46.9080470,7.4678529,"2",E
