Y,X,fid,Art
46.95415338808961,7.439523445005977,"1",S
46.95070300011506,7.437293563110456,"2",E
