Y,X,fid,Art
46.9527180937274,7.39092195024301,"1",S
46.7978037970739,7.60479701931217,"2",E
